# X_pos,y_pos
1.000000,2.496714
2.000000,3.861736
3.000000,6.647689
4.000000,9.523030
5.000000,9.765847
6.000000,11.765863
7.000000,15.579213
8.000000,16.767435
9.000000,17.530526
10.000000,20.542560
