# X_neg,y_neg
1.000000,-2.463418
2.000000,-4.465730
3.000000,-5.758038
4.000000,-9.913280
5.000000,-11.724918
6.000000,-12.562288
7.000000,-15.012831
8.000000,-15.685753
9.000000,-18.908024
10.000000,-21.412304
