# X_low,y_low
1.000000,3.496714
1.473684,4.282788
1.947368,6.489794
2.421053,8.786188
2.894737,8.450057
3.368421,9.871126
3.842105,13.105529
4.315789,13.714803
4.789474,13.898947
5.263158,16.332034
5.736842,16.747109
6.210526,18.165849
6.684211,20.294594
7.157895,19.560404
7.631579,21.169819
8.105263,23.753502
8.578947,24.724011
9.052632,27.472142
9.526316,27.670923
10.000000,28.587696
