# X_high,y_high
1.000000,17.656488
1.473684,2.163290
1.947368,6.517387
2.421053,-6.984324
2.894737,3.240383
3.368421,11.214489
3.842105,0.016380
4.315789,16.704349
4.789474,8.362034
5.263158,12.872536
5.736842,11.193460
6.210526,37.154361
6.684211,19.917659
7.157895,10.896575
7.631579,31.120186
8.105263,12.107353
8.578947,27.825478
9.052632,7.561193
9.526316,15.297087
10.000000,31.968612
